{
  "1": -1.8294997965042568,
  "2": -1.3622072521859372,
  "3": 0.00010129283621905604,
  "4": 897.656519875635,
  "5": 969.0179197062007,
  "6": 933.5186245019577,
  "7": 927.1108659564868,
  "8": 3.0
}