{"1": 303, "2": 2.2781954887218046, "3": 2, "4": 0, "5": 15, "6": 211, "7": 0.17737151319858085, "8": [7], "9": 6.030816917858988, "10": 0.81, "11": 14.23, "12": 2.9354897376758107, "13": true, "14": 0.0200684539048326, "15": 0.05753846151132316, "16": 0.062211531537038456, "17": true}