{
  "1": 175.741,
  "2": 0.00022018685951133774,
  "3": 0.00022018685951133774,
  "4": 240.57,
  "5": 4.996,
  "6": 17.878,
  "7": 9.923076923076922,
  "8": 3.0303780884100178,
  "9": 4.81392742807415,
  "10": 1.4799257005403976e-06,
  "11": true,
  "12": 0.46346347561156725,
  "13": 0.29421990438939594,
  "14": 0.051353874883286646,
  "15": 1,
  "16": -2.476883684116791
}