{"1": 303, "2": 2.2781954887218046, "3": 2, "4": 0, "5": 15, "6": 211, "7": 0.17737151319858085, "8": [7], "9": 6.059535093658316, "10": 0.91, "11": 14.23, "12": 2.9354897376758107, "13": true, "14": 0.0200684539048326, "15": 0.04208759971871671, "16": 0.058983205641712826, "17": true}