{
  "1": 8.847,
  "2": 0.00013872811578372914,
  "3": 53.198,
  "4": 5.817,
  "5": 2.7540027090181356,
  "6": 0.2,
  "7": 0.04,
  "8": -0.4430030274270569,
  "9": 1067.2498361256921,
  "10": 1054.5314053415145,
  "11": 1059.5623786090443,
  "12": 2.0,
  "13": 1042.6301573317296,
  "14": 997.9753531538842,
  "15": 1015.2737827876458,
  "16": 2.0
}